{"cameraMode":{"drawMode":0,"name":"Shaded","section":"Shading Mode"},"sceneLighting":true,"audioPlay":false,"sceneViewState":{"showFog":true,"showMaterialUpdate":false,"showSkybox":true,"showFlares":true,"showImageEffects":true,"showParticleSystems":true},"in2DMode":false,"pivot":{"x":0.35478681325912478,"y":15.369898796081543,"z":-16.155258178710939},"rotation":{"x":-0.2160327136516571,"y":-0.022847851738333703,"z":0.005056713242083788,"w":-0.9761080741882324},"size":2.70739483833313,"orthographic":false}