{"cameraMode":{"drawMode":0,"name":"Shaded","section":"Shading Mode"},"sceneLighting":true,"audioPlay":false,"sceneViewState":{"showFog":true,"showMaterialUpdate":false,"showSkybox":true,"showFlares":true,"showImageEffects":true,"showParticleSystems":true},"in2DMode":false,"pivot":{"x":2.1490871906280519,"y":14.328394889831543,"z":-23.417476654052736},"rotation":{"x":-0.12594668567180634,"y":-0.5993141531944275,"z":0.0961851179599762,"w":-0.7846709489822388},"size":2.4584426879882814,"orthographic":true}