{"cameraMode":{"drawMode":0,"name":"Shaded","section":"Shading Mode"},"sceneLighting":true,"audioPlay":false,"sceneViewState":{"showFog":true,"showMaterialUpdate":false,"showSkybox":true,"showFlares":true,"showImageEffects":true,"showParticleSystems":true},"in2DMode":false,"pivot":{"x":0.09509174525737763,"y":5.100409984588623,"z":-0.5276747345924377},"rotation":{"x":-0.1255694031715393,"y":-0.03925076499581337,"z":0.0049704802222549919,"w":-0.9912956357002258},"size":7.264575004577637,"orthographic":true}