{"cameraMode":{"drawMode":0,"name":"Shaded","section":"Shading Mode"},"sceneLighting":true,"audioPlay":false,"sceneViewState":{"showFog":true,"showMaterialUpdate":false,"showSkybox":true,"showFlares":true,"showImageEffects":true,"showParticleSystems":true},"in2DMode":false,"pivot":{"x":0.0,"y":0.8714233040809631,"z":-0.06487263739109039},"rotation":{"x":0.24146489799022675,"y":-0.2414817214012146,"z":0.06217643991112709,"w":0.9378248453140259},"size":12.642227172851563,"orthographic":true}