{"cameraMode":{"drawMode":0,"name":"Shaded","section":"Shading Mode"},"sceneLighting":true,"audioPlay":false,"sceneViewState":{"showFog":true,"showMaterialUpdate":false,"showSkybox":true,"showFlares":true,"showImageEffects":true,"showParticleSystems":true},"in2DMode":false,"pivot":{"x":3.8313522338867189,"y":3.1913819313049318,"z":3.3249738216400148},"rotation":{"x":-0.05786483362317085,"y":-0.0050841341726481918,"z":0.0002945496526081115,"w":-0.998311460018158},"size":12.116591453552246,"orthographic":true}