{"cameraMode":{"drawMode":0,"name":"Shaded","section":"Shading Mode"},"sceneLighting":false,"audioPlay":false,"sceneViewState":{"showFog":true,"showMaterialUpdate":false,"showSkybox":false,"showFlares":true,"showImageEffects":true,"showParticleSystems":true},"in2DMode":false,"pivot":{"x":-0.6650002002716065,"y":1.2299997806549073,"z":-0.5849999785423279},"rotation":{"x":0.12804311513900758,"y":-0.005951144266873598,"z":0.0007684481679461896,"w":0.9917504787445068},"size":10.443666458129883,"orthographic":true}