{"cameraMode":{"drawMode":0,"name":"Shaded","section":"Shading Mode"},"sceneLighting":true,"audioPlay":false,"sceneViewState":{"showFog":true,"showMaterialUpdate":false,"showSkybox":true,"showFlares":true,"showImageEffects":true,"showParticleSystems":true},"in2DMode":false,"pivot":{"x":-51.751502990722659,"y":31.024158477783204,"z":32.81079864501953},"rotation":{"x":0.1049136146903038,"y":0.6880524754524231,"z":-0.10154609382152558,"w":0.7108202576637268},"size":98.24126434326172,"orthographic":true}