{"cameraMode":{"drawMode":0,"name":"Shaded","section":"Shading Mode"},"sceneLighting":true,"audioPlay":false,"sceneViewState":{"showFog":true,"showMaterialUpdate":false,"showSkybox":true,"showFlares":true,"showImageEffects":true,"showParticleSystems":true},"in2DMode":false,"pivot":{"x":125.64936065673828,"y":203.04742431640626,"z":-58.36322021484375},"rotation":{"x":0.40027350187301638,"y":-0.44915205240249636,"z":0.23555044829845429,"w":0.7632559537887573},"size":32.62854766845703,"orthographic":true}