{"cameraMode":{"drawMode":0,"name":"Shaded","section":"Shading Mode"},"sceneLighting":true,"audioPlay":false,"sceneViewState":{"showFog":true,"showMaterialUpdate":false,"showSkybox":true,"showFlares":true,"showImageEffects":true,"showParticleSystems":true},"in2DMode":false,"pivot":{"x":-7.945300579071045,"y":-22.468280792236329,"z":-62.04964065551758},"rotation":{"x":0.038575224578380588,"y":-0.9614184498786926,"z":0.19438889622688294,"w":0.19078674912452699},"size":91.67227935791016,"orthographic":true}