{"cameraMode":{"drawMode":0,"name":"Shaded","section":"Shading Mode"},"sceneLighting":true,"audioPlay":false,"sceneViewState":{"showFog":true,"showMaterialUpdate":false,"showSkybox":true,"showFlares":true,"showImageEffects":true,"showParticleSystems":true},"in2DMode":false,"pivot":{"x":-3.0225882530212404,"y":-0.5731955766677856,"z":-1.5851829051971436},"rotation":{"x":0.3061763346195221,"y":-0.3052787482738495,"z":0.10436046868562699,"w":0.8956393599510193},"size":13.424421310424805,"orthographic":true}