{"cameraMode":{"drawMode":0,"name":"Shaded","section":"Shading Mode"},"sceneLighting":false,"audioPlay":false,"sceneViewState":{"showFog":true,"showMaterialUpdate":false,"showSkybox":false,"showFlares":true,"showImageEffects":true,"showParticleSystems":true},"in2DMode":false,"pivot":{"x":-0.17615008354187013,"y":1.631524682044983,"z":0.9576951265335083},"rotation":{"x":0.3061763346195221,"y":-0.3052787482738495,"z":0.10436046868562699,"w":0.8956393599510193},"size":11.308914184570313,"orthographic":true}