{"cameraMode":{"drawMode":0,"name":"Shaded","section":"Shading Mode"},"sceneLighting":true,"audioPlay":false,"sceneViewState":{"showFog":true,"showMaterialUpdate":false,"showSkybox":true,"showFlares":true,"showImageEffects":true,"showParticleSystems":true},"in2DMode":false,"pivot":{"x":-5.120791912078857,"y":6.555416584014893,"z":-6.996508598327637},"rotation":{"x":-0.3923361003398895,"y":-0.4289022982120514,"z":0.21437108516693116,"w":-0.7849587798118591},"size":12.129194259643555,"orthographic":true}