{"cameraMode":{"drawMode":0,"name":"Shaded","section":"Shading Mode"},"sceneLighting":true,"audioPlay":false,"sceneViewState":{"showFog":true,"showMaterialUpdate":false,"showSkybox":true,"showFlares":true,"showImageEffects":true,"showParticleSystems":true},"in2DMode":false,"pivot":{"x":-5.309999942779541,"y":-3.299999952316284,"z":0.0},"rotation":{"x":-0.09882500022649765,"y":-0.016991138458251954,"z":0.0016851830296218396,"w":-0.9949583411216736},"size":5.982746601104736,"orthographic":true}