{"cameraMode":{"drawMode":0,"name":"Shaded","section":"Shading Mode"},"sceneLighting":true,"audioPlay":false,"sceneViewState":{"showFog":true,"showMaterialUpdate":false,"showSkybox":true,"showFlares":true,"showImageEffects":true,"showParticleSystems":true},"in2DMode":false,"pivot":{"x":-7.227630138397217,"y":12.500001907348633,"z":-1.600001335144043},"rotation":{"x":-0.26154303550720217,"y":-0.32806798815727236,"z":0.0950470119714737,"w":-0.902736246585846},"size":71.98826599121094,"orthographic":true}