{"cameraMode":{"drawMode":0,"name":"Shaded","section":"Shading Mode"},"sceneLighting":true,"audioPlay":false,"sceneViewState":{"showFog":true,"showMaterialUpdate":false,"showSkybox":true,"showFlares":true,"showImageEffects":true,"showParticleSystems":true},"in2DMode":false,"pivot":{"x":-1.1428289413452149,"y":0.046839356422424319,"z":37.24770736694336},"rotation":{"x":0.3452410101890564,"y":0.004788863472640514,"z":-0.0017600752180442215,"w":0.9385002255439758},"size":55.77295684814453,"orthographic":true}