{"cameraMode":{"drawMode":0,"name":"Shaded","section":"Shading Mode"},"sceneLighting":false,"audioPlay":false,"sceneViewState":{"showFog":true,"showMaterialUpdate":false,"showSkybox":false,"showFlares":true,"showImageEffects":true,"showParticleSystems":true},"in2DMode":false,"pivot":{"x":-0.15865515172481538,"y":1.6454235315322877,"z":0.33058124780654909},"rotation":{"x":0.132606640458107,"y":-0.1422092318534851,"z":0.019228748977184297,"w":0.9807254076004028},"size":8.648250579833985,"orthographic":true}