{"cameraMode":{"drawMode":0,"name":"Shaded","section":"Shading Mode"},"sceneLighting":true,"audioPlay":false,"sceneViewState":{"showFog":true,"showMaterialUpdate":false,"showSkybox":true,"showFlares":true,"showImageEffects":true,"showParticleSystems":true},"in2DMode":false,"pivot":{"x":24.282855987548829,"y":1.4909131526947022,"z":18.7468318939209},"rotation":{"x":-0.14951807260513307,"y":-0.6240112781524658,"z":0.12324760109186173,"w":-0.7570101022720337},"size":90.43048858642578,"orthographic":true}