{"cameraMode":{"drawMode":0,"name":"Shaded","section":"Shading Mode"},"sceneLighting":true,"audioPlay":false,"sceneViewState":{"showFog":true,"showMaterialUpdate":false,"showSkybox":true,"showFlares":true,"showImageEffects":true,"showParticleSystems":true},"in2DMode":false,"pivot":{"x":2.415020227432251,"y":14.916446685791016,"z":-19.633630752563478},"rotation":{"x":-0.0759454220533371,"y":0.1270190179347992,"z":-0.009762817062437535,"w":-0.988940417766571},"size":2.93173885345459,"orthographic":true}